#,PLAYER,PTS,AVG,1,2,3,4,5,6,7,8,9,10,11,12,13,14,15,16,17,STATUS,BYE
1,"Mahomes, Patrick KCC QB",503,31.44,36.3,50.8,31.3,24.9,13.8,33,39.8,33,31.8,24.1,42.9,B,41,23.8,22,34.2,20.3,Straight Ballin,12
2,"Ryan, Matt ATL QB",412,25.75,7.8,33.7,50.2,35.3,15.4,33.5,21.3,B,35,23.5,14.7,22.7,8.6,25.5,29,24.5,31.3,Ace (Q),8
3,"Roethlisberger, Ben PIT QB",391,24.44,6,45,29,15.9,26.6,22.6,B,19.9,29.2,45.8,21.7,20.3,20.2,23.3,15.1,35.6,14.8,Super Mojo Juggernaut,7
4,"Luck, Andrew IND QB",389.1,24.32,22.5,13.4,15.9,42.7,26.6,27.7,30.7,29.4,B,26.2,29.9,26.6,8.5,26.6,9.7,24.6,28.1,Tecmo Bowls,9
5,"Watson, Deshaun HOU QB",371.9,23.24,11,25.8,28,34.1,22,4.3,12.9,41,24.3,B,9,33.4,18,20.2,26.4,39.5,22,Straight Ballin,10
6,"Brees, Drew NOS QB",361.8,24.12,37.6,21.6,46.5,8.6,32.7,B,20.8,7.8,39.4,34.9,38.5,27.4,8.3,13.9,4.9,18.9, ,Honkey Kong,6
7,"Wilson, Russell SEA QB",359.4,22.46,24.4,16.7,19.6,9,25.9,25.9,B,29.4,22.5,31.2,21.6,26,32.8,8,23,34.5,8.9,The Worst to First All Stars,7
8,"Rodgers, Aaron GBP QB",357.5,22.34,30.9,18,23.9,15,32.7,32.4,B,17.9,23.2,22.1,25.6,13.9,17.3,24.2,12.5,46.9,1,Ace,7
9,"Goff, Jared LAR QB",357.3,22.33,21.2,19.4,30.6,49.3,14.3,6.4,20.5,32.5,34.3,25,41.1,B,8.1,-4.3,8.7,18.2,32,Cooter Brown's Poon Hounds,12
10,"Rivers, Philip LAC QB",335.9,20.99,34,28.7,21,26.7,25.4,17.3,24.1,B,21.1,18,21.6,25.7,28,15.5,20.5,1.3,7,Tecmo Bowls (Q),8
11,"Brady, Tom NEP QB",325.4,20.34,26.3,19.4,8.5,23,31.5,22.8,26.7,13.8,17.7,10.8,B,23.2,15.9,32.6,14.2,5,34,Marauders,11
12,"Cousins, Kirk MIN QB",325.1,20.32,24.4,40.5,9,36.7,15.1,16.6,21.5,23.7,6.9,B,19,33.4,8,11.8,18.3,28.2,12,Vision,10
13,"Newton, Cam CAR QB",317.6,22.69,18.2,32.6,33.6,B,18.4,26.3,29.7,32,25.2,17.7,29.5,25.5,15.3,9.9,3.7, , ,Tasty Reubens (Q),4
14,"Prescott, Dak DAL QB",315.8,19.74,7.7,16.9,8.8,22.4,11.7,33.5,20.2,B,16.8,23.7,14.8,31.4,15.2,27.4,5.2,18.6,41.5,Free Agent,8
15,"Gurley, Todd LAR RB",312.1,22.29,20.7,29.3,18.6,21.6,29.3,34.5,26.6,27.5,13.9,22,9.4,B,28.5,5.8,24.4, , ,Super Mojo Juggernaut,12
16,"Trubisky, Mitchell CHI QB",295.9,21.14,13,16.4,3.6,55.5,B,32.3,33.4,25.9,9,42,14.9, , ,3.7,23,13.1,10.1,The Worst to First All Stars,5
17,"Barkley, Saquon NYG RB",294.8,18.42,18.8,10.8,17.7,16,24.9,28.9,17.4,11.1,B,10,33.2,26.2,14.6,25.7,5.6,13.7,20.2,Marauders,9
18,"McCaffrey, Christian CAR RB",279.5,17.47,6.5,13.9,19.4,B,15.3,6.6,8,17.6,27.7,31.8,11,35.7,22.1,22.1,20,17.8,4,Straight Ballin,4
19,"Mayfield, Baker CLE QB",277,19.79, , ,9.8,12.8,19,12.3,24.9,17.1,20.9,28.6,B,33.9,12.9,15.7,14.1,31,24,Super Mojo Juggernaut,11
20,"Kamara, Alvin NOS RB",273.2,18.21,34.1,11.9,19,36.1,3.9,B,13.5,19.6,29.6,22.2,16.8,9.8,7.2,10.7,16.3,22.5, ,Tecmo Bowls,6
21,"Manning, Eli NYG QB",267,16.69,6.2,14.6,23.8,15.7,21.2,8.2,22.7,12.6,B,25.5,21.1,14.9,9.8,25.9,3.2,21.4,20.2,Free Agent,9
22,"Elliott, Ezekiel DAL RB",251.1,16.74,14.6,14.7,10.8,30,8.4,17.7,4.2,B,11.2,30.7,26.1,20.3,19.5,19.2,12.8,10.9, ,Tasty Reubens,8
23,"Hill, Tyreek KCC WR",247,15.44,35.3,15,5.6,5.6,8.7,32.2,13.6,7,8.5,25.7,33.5,B,5,14.5,4.1,9.1,23.6,The Worst to First All Stars,12
24,"Stafford, Matthew DET QB",239.1,14.94,6,29.7,20.5,24.8,19.2,B,21.6,19,5.6,17.9,15.4,3.4,10,4.7,14.3,4.6,22.4,Free Agent,6
25,"Carr, Derek OAK QB",236.8,14.8,3.2,17.5,13.6,37.6,14.2,2.8,B,33.8,7.3,6.9,19.7,10.8,30.2,21.8,12.6,6.4,-1.6,Free Agent,7
26,"Keenum, Case DEN QB",234,14.62,22.2,13.5,4.7,6.8,24.1,22.5,9.8,17.4,17.6,B,8.2,19.6,12.9,15.8,10.4,16,12.5,Free Agent,10
27,"Gordon, Melvin LAC RB",225.5,18.79,18.6,24.6,14.4,23.9,18,33, ,B,18.3,22.5,15.6,18.6, , , ,11.4,6.6,Tecmo Bowls,8
28,"Conner, James PIT RB",223,17.15,28.2,14.5,9.5,6.4,30.5,24.9,B,33.2,22.3,13.3,4.9,6.5,19.4, , , ,9.4,The Worst to First All Stars - IR,7
29,"Wentz, Carson PHI QB",221.4,20.13, , ,11.2,23.7,24,30.5,21.7,26.6,B,24.1,-2.2,15.2,22.8,23.8, , , ,Free Agent (Q),9
30,"Brown, Antonio PIT WR",219.7,14.65,15.3,6.7,11,12.2,22.1,16.5,B,19.4,10.2,15.6,17.7,6.7,21.4,3.5,10.9,30.5, ,Straight Ballin,7
31,"Adams, Davante GBP WR",218.6,14.57,14.8,12.4,11.2,8.1,20,25.2,B,13.3,10,17.7,16.6,12.9,15.3,14.1,13.9,13.1, ,Cooter Brown's Poon Hounds,7
32,"Winston, Jameis TBB QB",216.8,19.71, , , ,6.5,B,36.7,17.1,6.8, , ,18.6,26.9,26.8,22.2,3.3,14.8,37.1,Free Agent,5
33,"Hopkins, DeAndre HOU WR",216.5,13.53,7.1,17,8.6,22.9,12.1,12.3,11,20.2,16.5,B,8.6,7.4,9.1,9.6,29,10.4,14.7,Honkey Kong (Q),10
34,"Allen, Josh BUF QB",214.1,17.84,5.6,13,29.7,-1.1,8.2,5.4, , , , ,B,28.3,30.7,15.3,21.8,11.7,45.5,Free Agent,11
35,"Jones, Julio ATL WR",210.9,13.18,18,6.4,9.6,17.3,6.2,14.4,7.4,B,18.1,16.7,17.8,11.8,1.8,22.6,14.2,8.8,19.8,Super Mojo Juggernaut (Q),8
36,"Dalton, Andy CIN QB",205.5,18.68,19.5,34.6,14.1,29.8,13.9,21.2,8.9,24.2,B,6.9,23.3,9.1, , , , , ,Free Agent (I),9
37,"Hunt, Kareem FA* RB",204.2,18.56,4.9,14,16.4,23.5,15.4,24.5,32.1,14.6,32.1,9.6,17.1,B, , , , , ,Free Agent (O),12
38,"Evans, Mike TBB WR",203.4,12.71,20.7,11.3,19.7,5.9,B,5.8,10.7,23.9,1.6,5.1,24,11.6,4.8,8.6,12.1,15,22.6,Tecmo Bowls,5
39,"Mixon, Joe CIN RB",200.4,14.31,20.9,8.7, , ,17.5,14.4,5.1,25.8,B,8.5,11.2,15.5,9.5,19.8,25,7.8,10.7,Super Mojo Juggernaut,9
40,"Johnson, David ARI RB",194.6,12.16,12.7,5.1,12.1,14.2,19.1,9.9,7,10,B,30.3,15.4,7.9,7.2,6.1,16.1,12.7,8.8,Honkey Kong,9
41,"Thielen, Adam MIN WR",193.3,12.08,10.2,19.1,10.5,19.5,17.6,18.3,17,14.8,8.7,B,8.6,18.5,8.8,7.8,1.9,8.3,3.7,Tecmo Bowls,10
42,"Kelce, Travis KCC TE",190.6,11.91,0.6,22.9,11.4,13.8,10,6.1,9.5,13.9,21.9,4.6,18.7,B,25.8,13.7,6.1,5.4,6.2,Vision,12
43,"White, James NEP RB",189.6,11.85,11.6,8.4,11.1,23.2,13.7,9.2,21.7,15.4,22.3,2.6,B,7.8,11.8,2.8,3.7,11.4,12.9,Tecmo Bowls,11
44,"Thomas, Michael NOS WR",188.5,11.78,21,17.9,12.9,4.7,7.4,B,12.9,8.1,27.1,19,15.2,3.8,4,9.8,4.9,16.9,2.9,Straight Ballin,6
45,"Lindsay, Phillip DEN RB",187.8,12.52,16.2,11.1,2,13.9,8.1,6.6,15.6,17.2,8.4,B,22.6,17,27.9,11.1,4.4,5.7, ,Tecmo Bowls (I),10
46,"Mariota, Marcus TEN QB",187,13.36,-0.4, ,9.1,33.4,3.2,7.2,16.3,B,24.8,25.3,2.1,26.9,24.6,4.8,4.6,5.1, ,Honkey Kong (Q),8
47,"Fitzpatrick, Ryan TBB QB",186.8,23.35,50.3,37,28.1,2,B, , ,23.6,30,10.7,5.1, , , , , , ,Free Agent,5
48,"Darnold, Sam NYJ QB",185.4,14.26,16.8,13.5,0.8,13.5,23.4,21,10,14.3,-2.8, ,B, , ,10.8,25.6,32,6.5,Free Agent,11
49,"Henry, Derrick TEN RB",185.3,11.58,3.1,5.9,5.7,3.1,5.6,2.6,12.5,B,9.2,17.8,4.6,1.9,10.5,47.8,29.2,15.2,10.6,Honkey Kong,8
50,"Smith-Schuster, JuJu PIT WR",184.9,11.56,11.9,18.1,11.6,6,9.4,13.1,B,3.3,7.8,16.3,10.4,24.9,4.9,25,4,8.5,9.7,The Worst to First All Stars (Q),7
51,"Bortles, Blake JAC QB",184.2,14.17,14.2,39.5,8.9,27.3,17.6,11.2,-0.6,21.7,B,25.6,2.9,9, , , ,4.1,2.8,Free Agent,9
52,"Woods, Robert LAR WR",179.6,11.22,4.3,8.1,23.7,16.1,14.5,12.1,8.4,7,7.5,10.6,13.2,B,13.8,6.1,9.3,22.4,2.5,Vision,12
53,"Carson, Chris SEA RB",179.4,12.81,4.9,2.4,18.4, ,12.7,5.9,B,18.4,4, ,11.3,12.3,10.8,15,20.8,23.6,18.9,The Worst to First All Stars,7
54,"Chubb, Nick CLE RB",174.5,10.91,2.1,1.4,0.6,22.5,0.2,2.5,14,7.5,15,32.9,B,24.8,13.2,14.3,10,11.5,2,Straight Ballin,11
55,"Kittle, George SFO TE",170.7,10.67,9,2.2,9.9,18.5,8.3,3,15.8,5.7,16.8,8.3,B,5.8,7,27,5.1,7.4,20.9,The Worst to First All Stars,11
56,"Peterson, Adrian WAS RB",167,10.44,19.6,5,24,B,4.2,9.7,10.7,24.6,3.3,6.9,17.1,4.4,15.8,1.9,7.1,12.7,0,Straight Ballin,4
57,"Lockett, Tyler SEA WR",165.4,10.34,11.9,12,14.2,5.3,16.4,8,B,10.7,2.2,14.5,7.2,16.5,12.2,5.9,5.6,9.9,12.9,Super Mojo Juggernaut,7
58,"Diggs, Stefon MIN WR",164.3,10.95,11.1,26.9,1.7,12.3,11.6,4.2,2.6,17.9, ,B,18.6,14.9,4.9,8.1,11.8,7,10.7,Vision,10
59,"Ertz, Zach PHI TE",164.3,10.27,4.8,9.4,7.3,11.2,17,10.3,13.8,8.6,B,26.5,1.5,15.1,8.3,3.8,2.2,23,1.5,Super Mojo Juggernaut (Q),9
60,"Cooks, Brandin LAR WR",163.2,10.2,9.3,15.9,9,18.6,0,5.3,13.1,8.3,17.4,16.9,10.7,B,6.2,2.2,5.9,6.2,18.2,Ace,12
61,"Hilton, T.Y. IND WR",163,11.64,10.6,14.3,5,11.5, , ,14.5,3.4,B,7.7,27.5,12.5,7.7,19.9,8.5,13.8,6.1,Marauders (Q),9
62,"Tannehill, Ryan MIA QB",163,14.82,15.6,20.1,32.2,-2,6.1, , , , , ,B,21.6,20,29.9,4.4,11,4.1,Free Agent,11
63,"Jackson, Lamar BAL QB",162.6,10.16,4.9,0.6,0,1.7,1,2.2,7.1,10.4,1.5,B,14.9,20.2,15.5,21.6,17.7,18.1,25.2,Free Agent,10
64,"Allen, Keenan LAC WR",162.1,10.13,16.8,6.7,1.4,6.3,9.5,10.3,7.2,B,15.2,11.7,15,13.2,22.8,13.8,0,5.8,6.4,Tasty Reubens (Q),8
65,"Cohen, Tarik CHI RB",161.9,10.12,4.1,2.5,6.8,23.4,B,15.1,14.3,17,1.3,10.4,2,11.9,24.6,8.9,8.5,1.9,9.2,Cooter Brown's Poon Hounds,5
66,"Coleman, Tevin ATL RB",161.6,10.1,10.5,12.5,10.7,7.7,3,10.1,14.2,B,27.6,6.3,8.5,8.3,1.1,4.1,20.5,5.1,11.4,Vision,8
67,"Mack, Marlon IND RB",159.1,12.24, ,3.6,0, , ,9.3,29.9,26.9,B,5.8,12.9,9.6,3.3,9.3,23.9,9.8,14.8,Straight Ballin (Q),9
68,"Howard, Jordan CHI RB",159,9.94,10.7,6.8,14.1,2.5,B,3.9,10.8,14.1,16.7,3.2,6.5,1.5,8,10.3,13.5,13,23.4,Honkey Kong,5
69,"Beckham, Odell NYG WR",156.4,13.03,11,5.1,10.9,7,24.4,4.4,20.2,13.6,B,19.3,14.5,8.5,17.5, , , , ,Cooter Brown's Poon Hounds - IR (Q),9
70,"Ebron, Eric IND TE",155.2,9.7,11.1,8.6,3.3,10,22.5,13,3.1,9.7,B,25.1,0,16.5,4.2,12.5,0.8,2.8,12,Tasty Reubens,9
71,"Flacco, Joe BAL QB",154,17.11,27.7,18.8,17.3,26.2,10.2,12.9,23.6,9.1,8.2,B, , , , , , , ,Free Agent,10
72,"Drake, Kenyan MIA RB",152.2,9.51,6.6,13,1,1.6,17.5,4.8,14.7,21.5,3.5,3.8,B,21.6,10.4,13.9,3.4,5.4,9.5,Vision,11
73,"Smith, Alex WAS QB",151.9,15.19,23.6,13.1,19.8,B,11.7,19.8,14.7,14.4,17.4,14.7,2.7, , , , , , ,Free Agent (I),4
74,"Fairbairn, Ka'imi HOU PK",150,9.38,8,5,10,13,13,8,8,6,7,B,11,10,17,3,17,6,8,Tasty Reubens,10
75,"Miller, Lamar HOU RB",146.6,10.47,10.9,7,8.1,4.9, ,7.1,15.9,19.3,4.8,B,10.8,22.7,11.5,11.2,0.8, ,11.6,Tasty Reubens,10
76,"Boyd, Tyler CIN WR",145.1,10.36,2.6,15.1,19.7,10,4.4,18.2,2.7,19.6,B,6.5,7.1,14.5,9.7,5.2,9.8, , ,Marauders (I),9
77,"Jones, Aaron GBP RB",144.4,12.03, , ,4.7,14.2,5.9,4.1,B,14.6,5.5,29.2,22.3,15.3,11.2,16.6,0.8, , ,Cooter Brown's Poon Hounds - IR (I),7
78,"Ridley, Calvin ATL WR",141.8,8.86,0,12.7,33.5,17.5,3.8,4.7,4.3,B,13.7,4,3.7,12.3,2.2,1,4.2,15,9.2,Tasty Reubens,8
79,"Tucker, Justin BAL PK",141,8.81,11,5,9,14,9,3,5,3,10,B,10,10,14,6,8,10,14,Tecmo Bowls,10
80,"Golladay, Kenny DET WR",140.1,9.34,14.4,14.9,11.3,7.4,15.8,B,3.7,1.2,5.4,13.8,17.3,9,5,0.5,14.6,5.8, ,The Worst to First All Stars (Q),6
81,"Mullens, Nick SFO QB",139.5,17.44, , , , , , , , ,28.2,10.1,B,8.7,25.7,21.3,16.8,6.6,22.1,Free Agent,11
82,"Cooper, Amari DAL WR",138.5,9.23,1.8,11.6,1.7,18.8,1,0,B, ,11.8,7.5,3.6,30,4.6,39.7,4.3,2,0.1,Marauders,8
83,"Williams, Mike LAC WR",137.2,8.57,8.1,8.7,20.1,1.5,4.8,1.4,11.8,B,9,0,5.6,14.5,5.2,4.5,29.5,1.1,11.4,Free Agent,8
84,"Butker, Harrison KCC PK",137,8.56,8,6,8,9,12,16,9,6,7,8,9,B,10,9,4,11,5,The Worst to First All Stars,12
85,"Lutz, Wil NOS PK",136,8.5,6,7,13,15,7,B,6,12,9,15,12,7,4,8,6,7,2,Vision,6
86,"Landry, Jarvis CLE WR",135.1,8.44,10.6,6.9,12.3,9.4,6.9,1.1,15.7,3.9,5,2.2,B,3,10.3,20.1,3.7,7.8,16.2,Tasty Reubens,11
87,"Breida, Matt SFO RB",134.5,9.61,5.1,21.9,11.7,7.1,12.1,12.1,-1.5,4.2,4.7,25.2,B,14,5.7, ,9.6,2.6, ,Marauders (I),11
88,"Edelman, Julian NEP WR",133.4,11.12, , , , ,5.7,12.1,9.6,11.7,11.4,10.6,B,14.4,6,14.6,9,13,15.3,Tasty Reubens,11
89,"Michel, Sony NEP RB",131.1,10.08, ,4.1,4.9,17.2,17,22.6,0.5, , ,3.1,B,20.5,7,5.7,5.9,17.6,5,Marauders,11
90,"Gostkowski, Stephen NEP PK",130,8.12,9,8,4,8,8,19,8,13,7,4,B,9,6,9,4,6,8,Marauders,11
91,"Barber, Peyton TBB RB",129.3,8.08,6.9,2.9,3.3,3,B,16.6,3,14.5,4,6.6,17,12.3,7.5,4.4,14.9,5.6,6.8,The Worst to First All Stars,5
92,"Sanders, Emmanuel DEN WR",129.2,10.77,19.5,9.6,13.3,6.3,7.2,17.5,23.3,5.1,4.7,B,6.2,14.6,1.9, , , , ,Free Agent (I),10
93,"Myers, Jason NYJ PK",129,8.06,12,6,5,6,10,24,5,4,6,4,B,7,16,9,4,8,3,Free Agent,11
94,"Ekeler, Austin LAC RB",128.8,9.2,18.6,9.8,4.1,11.6,11.9,6,6.8,B,3.4,1.9,6.9,16.3,4.3,15.4, , ,11.8,Tecmo Bowls - IR,8
95,"Rosas, Aldrick NYG PK",127,7.94,9,7,9,4,11,7,6,7,B,9,8,10,12,10,0,9,9,Free Agent,9
96,"Gould, Robbie SFO PK",126,7.88,10,12,7,9,0,12,4,7,10,11,B,3,4,8,14,9,6,Free Agent,11
97,"Cook, Jared OAK TE",125.6,7.85,18,4.9,3.1,23,2,1,B,13.4,2,5.2,9.1,9.2,16,11.6,2.3,2,2.8,Tecmo Bowls,7
98,"Godwin, Chris TBB WR",125.2,7.83,10.1,11.6,10.4,2.2,B,11.6,5.9,5.2,4,10.3,5,4.2,16.1,1.3,0,3.9,23.4,Free Agent,5
99,"Crosby, Mason GBP PK",124,7.75,6,17,5,10,3,15,B,9,5,7,6,5,5,10,9,12,0,Free Agent,7
100,"Ingram, Mark NOS RB",120.5,10.04, , , , ,19.3,B,4.2,9.2,0.6,22.2,22.3,6.6,2.8,11.3,7.4,10.3,4.3,Cooter Brown's Poon Hounds,6
101,"Jeffery, Alshon PHI WR",120.3,9.25, , , ,16.5,3.9,19.4,14.8,3.5,B,4.8,3.3,3.9,3.1,11,16,8.2,11.9,Vision (Q),9
102,"Prater, Matt DET PK",120.3,7.52,5,9,14,6,7,B,14,2,9,4,8,4,10,5,1,9,13.3,Free Agent,6
103,"Crowell, Isaiah NYJ RB",119.7,9.21,22.2,3.9,17.1,0.3,29.1,5.2,5,3.8,6,9.7,B,6,10.7,0.7, , , ,The Worst to First All Stars (I),11
104,"Maher, Brett DAL PK",119,7.44,0,8,7,14,10,16,5,B,2,9,10,7,7,11,0,9,4,Free Agent,8
105,"Fitzgerald, Larry ARI WR",118.7,7.42,7.6,2.8,0.9,2.8,3.5,3.9,10,18.2,B,5,14.3,9,4.8,5.5,8.2,12.6,9.6,Honkey Kong,9
106,"Davis, Corey TEN WR",118.6,7.41,6.2,5.5,3.4,22.1,4.9,2.4,1,B,6,18.5,2.9,19.5,11.4,2.1,3.3,4.6,4.8,Tasty Reubens,8
107,"Sanu, Mohamed ATL WR",117.4,7.34,1.8,1.5,11.6,11.1,13.3,10.6,2.1,B,4.5,1.7,5.9,7.7,3.7,5.4,4.1,17,15.4,Free Agent,8
108,"Yeldon, T.J. JAC RB",117.1,8.36,12.9,7.1,9,19,18.2,7,12.8,9,B,6.3,3.2,3.3,6.5,1.7,1.1, , ,Free Agent,9
109,"Shepard, Sterling NYG WR",116.5,7.28,4.8,2.4,14,15.7,7.5,3.7,16.7,3.4,B,9.6,2.2,3.7,2.8,7.7,3.7,11,7.6,Ace,9
110,"Rosen, Josh ARI QB",116,8.29, , ,-0.4,14.5,12.5,6.6,0.2,22.3,B,8.2,17.4,7.1,9.2,6.9,-2.9,8.4,6,Free Agent,9
111,"Zuerlein, Greg LAR PK",116,9.67,15,0, , , , ,13,7,9,12,12,B,12,6,11,7,12,Super Mojo Juggernaut,12
112,"Janikowski, Sebastian SEA PK",114,7.12,6,5,6,8,7,9,B,4,5,7,9,12,7,7,5,8,9,Free Agent (Q),7
113,"Vinatieri, Adam IND PK",113,7.06,11,3,10,8,6,10,5,10,B,3,8,9,0,6,11,4,9,Ace,9
114,"Humphries, Adam TBB WR",112.7,7.04,2.7,0.8,3.4,3.6,B,8.2,3.7,7.6,20.9,5.3,12,11.4,12.1,4.2,2.3,7.9,6.6,Free Agent,5
115,"Westbrook, Dede JAC WR",111.5,6.97,5.1,13.6,3.1,11.1,5.5,9.8,1.7,10,B,4.3,1.9,14.7,2.4,14.8,10.1,5.4,-2,Free Agent,9
116,"Elliott, Jake PHI PK",111,6.94,4,3,8,11,7,10,5,6,B,8,1,9,8,5,12,8,6,Free Agent,9
117,"Parkey, Cody CHI PK",111,6.94,11,6,10,12,B,4,7,6,11,2,9,5,9,7,6,2,4,Free Agent,5
118,"Jackson, DeSean TBB WR",110.3,9.19,26.6,18.9,3.7,11.2,B,8.4,9.3,13.2,3.2,6.7,3.8,2.5, , , ,2.8, ,Free Agent (Q),5
119,"Cook, Dalvin MIN RB",110,10,6.5,9, ,2, , , , ,10.9,B,-2,13.6,10.6,14.3,28.3,10.8,6,Ace,10
120,"Murray, Latavius MIN RB",109.9,6.87,4.2,1.9,3.1,3.8,5.6,21.8,20.3,15.5,10.7,B,0.5,3.3,1.4,0.4,12.8,2.8,1.8,Ace,10
121,"Jones, Zay BUF WR",109.2,6.82,2.6,6.3,1.7,3.8,2,9.5,2.7,5.5,1.8,15.3,B,0,20.7,2.2,1.1,12.7,21.3,Free Agent,11
122,"Tate, Golden PHI WR",108.9,7.26,13.9,11.8,6.9,25.2,4.2,B,6.6,5.3, ,1.9,4,3,16.5,0.7,4.3,1.3,3.3,Free Agent,9
123,"Johnson, Kerryon DET RB",106.4,10.64,3.7,6.6,11,11.6,8.5,B,17.9,9.1,4.4,17.9,15.7, , , , , , ,Tasty Reubens - IR (I),6
124,"Succop, Ryan TEN PK",106,6.62,8,8,9,8,12,0,7,B,4,10,4,5,8,6,5,7,5,Free Agent,8
125,"Anderson, Robby NYJ WR",104.4,7.46,9.2,-0.3,-0.8,1.8,24.3,3.9,4.4, ,3.3, ,B,2.2,4.8,13.6,15.6,20,2.4,Cooter Brown's Poon Hounds,11
126,"Hopkins, Dustin WAS PK",103,6.44,6,9,7,B,7,11,8,8,2,10,3,5,7,0,10,10,0,Free Agent,4
127,"Davis, Mike SEA RB",102.8,6.85, ,0.2,0.7,24.4,13.5,2.6,B,3.5,10.7,14,5,1.4,1,2.7,8.4,3.1,11.6,Free Agent,7
128,"Green, A.J. CIN WR",102.4,11.38,12.2,24.9,5.8,13.8,11.2,8.5,11.7,13.6,B, , , ,0.7, , , , ,Ace (I),9
129,"Brown, John BAL WR",101.9,6.37,10.5,15.2,8.6,17.9,5.8,2.8,19.4,2.8,1.5,B,2.3,2.5,0,8.3,0.9,2.7,0.7,Marauders,10
130,"Agholor, Nelson PHI WR",101.4,6.34,5.5,15,2.4,2.2,4.5,9.1,2,6.3,B,8.3,0,1.2,5.6,4.9,0.8,17.6,16,Free Agent,9
131,"Lewis, Dion TEN RB",100.7,6.29,17,4.3,4,6.6,1.8,1.4,15.5,B,18.2,6.8,3.2,4.1,3.4,5.2,4.4,2.5,2.3,Free Agent,8
132,"Stills, Kenny MIA WR",99.4,6.63,22.6,1.7,12.1,4,1.7,5.5,6.5, ,1.9,2.6,B,0.6,9.7,19.5,1.7,0.5,8.8,Ace,11
133,"Moore, D.J. CAR WR",99,6.19,0.3,11.8,0.3,B,6.7,1.7,2.9,12.9,4.8,2.5,21.7,9.8,6.5,6.7,0.4,1.9,8.1,Free Agent,4
134,"Martin, Doug OAK RB",98.9,6.18,1.7,2.4,4.3,1.1,0.1,0.8,B,5.9,6.9,9.2,5.8,13.2,9.7,9.2,3.9,17.6,7.1,Vision,7
135,"Fournette, Leonard JAC RB",98.4,12.3,5.5, , ,3.5, , , , ,B,22.9,20.1,22.8, ,4.1,6.4,13.1, ,Cooter Brown's Poon Hounds,9
136,"Hines, Nyheim IND RB",97.9,6.12,5.2,6.5,4.3,19.3,9,3.5,4.2,8.5,B,2.2,3.4,5,5.5,1.7,6.4,10.3,2.9,Tasty Reubens,9
137,"Gordon, Josh NEP WR",97.7,8.14,7.7, , ,3.2,11,4.2,10,4.2,19,8.1,B,7,11.8,9.6,1.9, , ,Straight Ballin (S),11
138,"Thomas, Demaryius HOU WR",97.7,6.51,12.3,1.8,6.3,2.4,16.5,11.7,4.2,3,6.1,B,0,15.8,3.2,4.8,5.9,3.7, ,Vision (I),10
139,"Robinson, Allen CHI WR",97.3,7.48,6.1,8.3,5,8.3,B,12.4,0.4, , ,25.3,3.9,3.7,7.9,4.2,5.4,6.4, ,Honkey Kong,5
140,"Samuel, Curtis CAR WR",96.8,7.45, , , ,B,9.7,0,8.5,2.8,17.8,-1.1,11.5,10.2,9.6,8,2.5,4.1,13.2,Free Agent,4
141,"Williams, Tyrell LAC WR",96.8,6.05,6.8,4.8,3.6,4.8,6.6,23.9,17.8,B,8.3,4.6,2.2,0,1.4,1.4,7.1,1.2,2.3,Free Agent,8
142,"Bullock, Randy CIN PK",96,6,10,10,3,7,9,3,4,7,B,2,3,2,4,9,12,4,7,Cooter Brown's Poon Hounds,9
143,"Kupp, Cooper LAR WR",95.1,11.89,12.8,6.3,12.8,28.2,15,1.2, , ,14.9,3.9, ,B, , , , , ,Free Agent (I),12
144,"McManus, Brandon DEN PK",95,5.94,9,8,2,11,4,8,9,5,5,B,5,6,6,2,10,2,3,Free Agent,10
145,"Sutton, Courtland DEN WR",94.3,5.89,4.5,0.9,3.7,5.1,7.8,5.8,8.8,7.8,5.7,B,7.8,1.4,14.5,1.3,4.2,12.5,2.5,Free Agent,10
146,"Driskel, Jeff CIN QB",94.1,10.46, , , , , , ,2.1, ,B,11.3,0,19.1,9.7,14,11.4,21.4,5.1,Free Agent,9
147,"Nelson, Jordy OAK WR",93.7,6.25,2.3,3,23.3,12.8,10.3,0.6,B,1.4,1.6,0, ,-0.2,9.7,4.8,8.8,7.5,7.8,Free Agent,7
148,"McCoy, LeSean BUF RB",93.2,6.66,2.1,6.8, ,3.7,10.8,9.4,0.1,9.5,2.9,23.8,B,5.3,6.4,0.1, ,1.9,10.4,The Worst to First All Stars,11
149,"Bailey, Dan MIN PK",93,6.64, , ,0,11,11,9,13,2,6,B,6,6,4,1,11,9,4,Free Agent,10
150,"Bryant, Matt ATL PK",93,7.15,6,7,3,12,5,10, ,B, , ,13,5,4,2,10,6,10,Free Agent,8
151,"Burton, Trey CHI TE",92.1,5.76,1.5,8.2,5.5,14.6,B,8.3,18.6,1.8,8.8,6,0.9,-0.2,0,2.2,9.6,3,3.3,Marauders (Q),5
152,"Hooper, Austin ATL TE",92,5.75,2.4,11.9,4.3,1.9,7.7,13.1,4.8,B,4.1,11.6,2.7,3.1,10.4,3.7,0,3.6,6.7,Cooter Brown's Poon Hounds,8
153,"Baldwin, Doug SEA WR",91.8,7.06,0, , ,4.1,0.1,9.1,B,2.6,7.7,3.9,11.2,3.9,8.2, ,19.7,18.6,2.7,Free Agent,7
154,"Hauschka, Steven BUF PK",91,5.69,3,8,9,0,7,7,3,6,3,11,B,6,3,11,2,6,6,Free Agent,11
155,"Collins, Alex BAL RB",90.6,9.06,4.9,9,13.4,7.5,6.6,17.4,4.8,9.3,9.9,B,7.8, , , , , , ,Super Mojo Juggernaut - IR (I),10
156,"Gore, Frank MIA RB",90.6,6.47,6.1,4.4,1.2,11.7,6.3,11.9,3.3,5.8,5.9,10.2,B,7.7,3.1,11.6,1.4, , ,Free Agent (I),11
157,"Sanders, Jason MIA PK",89,5.56,9,2,4,1,5,11,3,11,7,12,B,6,3,4,5,1,5,Free Agent,11
158,"Smallwood, Wendell PHI RB",88.4,5.53,0,0,15.1,5.4,15.1,5.1,3.7,12.6,B,3.4,-0.4,0,0,0.3,17.7,2.7,7.7,Free Agent,9
159,"Callaway, Antonio CLE WR",88.3,5.52,0,14.8,2,5.4,2.2,2.9,1.4,9.6,5.1,3.9,B,12.2,5.4,0,9.5,0,13.9,Free Agent,11
160,"Boswell, Chris PIT PK",88.1,5.87,3,3,6,6,5,8,B,7,5,10,2,11.1,6,3,5,8, ,Honkey Kong (Q),7
161,"Njoku, David CLE TE",87.9,5.49,1.3,2,3.6,5.2,6.9,11.5,11.2,0,5.3,1.8,B,12.3,0.8,3.5,3,13.3,6.2,Free Agent,11
162,"Edwards, Gus BAL RB",87.8,7.98, , , , , ,4.2,0,1.9,1,B,19.5,11.8,8.2,6.7,16.4,10.5,7.6,Straight Ballin,10
163,"Hyde, Carlos JAC RB",87.4,6.24,12.5,11,22.3,14.2,7.7,3.4, ,1.1,B,0.5,4.4,3.3,0.7,-0.3, ,4.7,1.9,Free Agent,9
164,"Rudolph, Kyle MIN TE",87.4,5.46,7.1,7.2,10.8,5.7,4.1,3.7,1.6,3.9,2.8,B,1.3,6.3,3.8,0.7,2.3,24.2,1.9,Free Agent,10
165,"Williams, Jamaal GBP RB",87.4,5.46,4.7,7.1,4.5,2.7,7.2,3.9,B,6.9,5.4,0.3,0.5,0.5,2.7,1.7,15.7,21.6,2,Cooter Brown's Poon Hounds,7
166,"Miller, Anthony CHI WR",87.2,5.81,1.4,7.1,3.5, ,B,8.9,3.5,10.4,5.8,18.2,8.4,4.4,6.1,0,0,8.8,0.7,Free Agent (Q),5
167,"Richard, Jalen OAK RB",86.6,5.41,7.9,0.3,5.9,3.6,5.7,5.1,B,6.4,4.9,5.9,9.3,1.6,9.6,2.9,4.6,11.1,1.8,Free Agent,7
168,"Howard, O.J. TBB TE",86.5,8.65,5.4,15.6,7.2,0,B,12.2,6.7,12.8,17.3,1.5,7.8, , , , , , ,Free Agent (I),5
169,"Freeman, Royce DEN RB",86.3,6.16,7.1,8.8,11.8,12.7,4.7,2.2,9.7, , ,B,9,1.7,1.8,3.6,0.8,2.1,10.3,Free Agent,10
170,"Beasley, Cole DAL WR",85.2,5.33,7.3,1.3,4.6,5.3,0.8,22.1,5.6,B,1.6,3.7,5.1,0.5,0.9,1.8,4.2,5,15.4,Free Agent,8
171,"Johnson, Duke CLE RB",85,5.31,2.5,1,3.3,9.6,4.2,10.9,1.9,1.6,20.6,10.6,B,3.9,1.2,-0.6,5.3,6.6,2.4,Ace,11
172,"Gabriel, Taylor CHI WR",83.9,5.24,2.5,4.7,3.4,23.4,B,11.9,2.6,5.2,4.5,0,6.9,4.9,-1.3,2.2,3.3,3.6,6.1,Free Agent,5
173,"Foles, Nick PHI QB",83.2,16.64,3.1,16.7, , , , , , ,B, , , , , ,8.3,36.9,18.2,Free Agent,9
174,"Gronkowski, Rob NEP TE",83.2,6.4,15.3,1.5,5.1,4.4,7.5,9.7, ,4.3, , ,B,11.6,2.6,16.7,2.1,0,2.4,Vision,11
175,"McDonald, Vance PIT TE",82,5.47, ,2.6,17.2,3.2,0.6,6.8,B,4.7,2.5,10.4,8.7,2.7,2.8,3.7,7.3,4.9,3.9,Free Agent,7
176,"Moncrief, Donte JAC WR",81.8,5.11,1.4,9.4,-1.4,16.9,7.6,0,7.6,5.4,B,15.8,1.1,2.9,4,4.7,0,4.3,2.1,Free Agent,9
177,"Engram, Evan NYG TE",81.3,7.39,1.8,12.7,1.9, , , ,2.6,8.5,B,4.6,6.6, , ,7.7,7.5,11.3,16.1,Straight Ballin,9
178,"Beathard, C.J. SFO QB",81,13.5, , ,0,19.8,20.7,20.9,5.1,14.5, , ,B, , , , , , ,Free Agent,11
179,"Jones, Marvin DET WR",80.8,8.98,5.4,11.4,12.9,5.6,6.8,B,2.9,23.7,6.6,5.5, , , , , , , ,Marauders - IR (I),6
180,"Kirk, Christian ARI WR",80.5,6.71,0.4,2.7,9,3.5,15,7.7,5.7,10.2,B,0.8,13.7,4.1,7.7, , , , ,Free Agent (I),9
181,"Funchess, Devin CAR WR",78.9,5.64,4.1,7.7,12.7,B,5.3,13.4,12.2,2.7,4.4,3.2,3.9, ,7,0,0,2.3, ,Marauders - IR,4
182,"Crabtree, Michael BAL WR",78.7,4.92,9.8,5.6,6.1,2.9,6.6,15.3,6.6,3.1,3.2,B,0.7,8.1,3.6,3.1,0,2,2,Free Agent,10
183,"Higgins, Rashard CLE WR",78.2,6.02,3.8,4.7,3.2,6.1,12.6, , , ,1.9,8.8,B,2.4,12.2,-1.1,3,12,8.6,Free Agent,11
184,"Catanzaro, Chandler CAR PK",78,6,12,3,9,4,B,5,8,8,4,3, , , ,8,1,4,9,Free Agent,4
185,"Blue, Alfred HOU RB",77.3,4.83,9.6,3.6,1.7,3.1,11.9,4.3,2.8,4.2,3.9,B,4.6,6.2,5.4,8.1,1.5,4,2.4,Free Agent,10
186,"Pettis, Dante SFO WR",76.5,6.38,12.1,3.5,0,0, , , ,0,0,1.2,B,13.7,24.7,10.9,8.3,2.1, ,Free Agent (I),11
187,"Joseph, Greg CLE PK",76,5.43, , ,7,8,6,6,3,6,3,4,B,5,1,8,5,8,6,Free Agent,11
188,"Lambo, Josh JAC PK",76,5.85,8,7,6,11,2,1,1,12,B,8,10,3,6,1, , , ,Free Agent (I),9
189,"Graham, Jimmy GBP TE",75.6,4.72,0.8,9.5,4.5,8.1,7.6,10.4,B,2.1,11.5,1.4,1.3,3.4,5,1.3,3.2,3.4,2.1,Ace,7
190,"Blount, LeGarrette DET RB",75.5,4.72,-0.3,3.5,6.5,1.2,14.2,B,11,2.6,1,0.4,0.1,22.3,6.1,2.1,0.9,2.4,1.5,Vision,6
191,"Watkins, Sammy KCC WR",75.1,7.51,2.1,13.1,13.5,0,7.8,1.7,7.4,22.7,6.4, ,0.4,B, , , , , ,The Worst to First All Stars - IR,12
192,"Carlson, Daniel OAK PK",75,6.25,6,3, , , , , ,4,3,6,11,5,9,6,10,9,3,Free Agent,7
193,"Moore, David SEA WR",75,4.69,0,0,0,3.9,15.8,11.2,B,15.7,1.6,1.6,5.7,16.3,0,0,0.9,0.7,1.6,Free Agent,7
194,"Osweiler, Brock MIA QB",75,10.71, , , ,8.1, ,30,21.8,6.6,6,2.5,B, , ,0, , , ,Free Agent,11
195,"Williams, Damien KCC RB",74.6,4.66,0,0.2,1.6,0,0,0.1,0,0,0,0,0,B,4.5,15,24.3,17,11.9,Super Mojo Juggernaut,12
196,"Patterson, Cordarrelle NEP WR",74.5,4.97,1.9,2.3,1.2,12.5,7.1,1.6,3.4,3.8,12.8,1.1,B,0.9,5.9,11.1,2,6.9, ,Free Agent,11
197,"Fuller, Will HOU WR",74.3,10.61, ,17.3,16.1,10.9,1.5,3.3,6.8,18.4, ,B, , , , , , , ,Free Agent (I),10
198,"Herndon, Chris NYJ TE",74.2,4.64,0,3,-0.1,1.8,0,11.6,10.2,7.6,6.2,3.4,B,5.7,3.1,1.4,5.3,14.2,0.8,Free Agent,11
199,"Adams, Josh PHI RB",73.9,5.68, , ,3, ,-0.1,0,1.7,6.7,B,4.7,13.2,16.4,8.5,3.6,8.8,-0.9,8.3,Cooter Brown's Poon Hounds,9
200,"Andrews, Mark BAL TE",73.2,4.58,3.1,7.7,5.9,1.2,1.6,2,6.8,3.1,5,B,1.9,7.4,4.7,0,3.1,14.3,5.4,Free Agent,10
201,"Valdes-Scantling, Marquez GBP WR",73,4.56,0,0.3,0,3.8,12.8,10.3,B,10.5,10.1,4.4,0.8,0.3,4.8,1.9,1.2,7.5,4.3,Free Agent,7
202,"Wilson, Albert MIA WR",72.8,10.4,3.8,10.5,21.5,2.1,4.3,27,3.6, , , ,B, , , , , , ,Free Agent (I),11
203,"Bourne, Kendrick SFO WR",72.7,4.54,0,6.4,2.7,9.4,3.3,2.2,0,7.1,6.6,3.3,B,2.7,6,2.2,1.6,7.3,11.9,Free Agent,11
204,"Smith, Tre'Quan NOS WR",72.7,4.85,0,1.8,0,0,23.1,B,4.4,1.8,8.3,0,21.7, ,0,0,1.5,1.1,9,Free Agent,6
205,"Snead, Willie BAL WR",72.4,4.52,10.9,5.4,3.9,5.6,5.5,6,3.6,5.4,5.8,B,5.1,0,0.8,6.1,5.8,0,2.5,Free Agent,10
206,"Foster, Robert BUF WR",72.1,5.55,0,3,0,0,0,0, , , ,10.5,B,15.4,2.7,10.4,16.8,5.2,8.1,Free Agent,11
207,"Badgley, Mike LAC PK",72,7.2, , , , , ,8,8,B, ,8,10,9,5,14,3,4,3,Straight Ballin,8
208,"Gano, Graham CAR PK",72,6,4,6,7,B,15,3,1,12,6,3,1,9,5, , , , ,Free Agent (I),4
209,"Hogan, Chris NEP WR",71.2,4.45,1.1,16.2,3.1,2.5,3.4,7.8,6.3,4.9,0,0,B,4.7,2,0,12.8,0,6.4,Free Agent,11
210,"Reynolds, Josh LAR WR",71,4.44,0,0,0,0,4.9,-0.2,1.9,16,0,0,14,B,1.9,3.6,7,4.4,17.5,Honkey Kong,12
211,"Smith, Ito ATL RB",70.7,5.05,0,5.4,3.5,10.8,7,8.1,4.5,B,12.4,2.6,2.2,0.7,2.2,7.4,3.9, , ,Free Agent (I),8
212,"Amendola, Danny MIA WR",70.4,4.69,2.6,3.2,4.2,2.1,3,5.9,14.4,11.4,4.7,7.2,B,1.3, ,1,3,3.8,2.6,Free Agent,11
213,"Doctson, Josh WAS WR",65.2,4.35,1.1,3.7,0,B, ,2,4.2,4.9,9.1,10.6,3.2,6.6,5.1,8.4,0,3,3.3,Free Agent,4
214,"Ivory, Chris BUF RB",65,5,0.3,9.7,12.6,1.5,4.3,0.9,10.6,4.5,5.5, ,B,1.4,0.4,4.2, , ,9.1,Free Agent,11
215,"McGuire, Elijah NYJ RB",64.9,8.11, , , , , , , , ,6.7,5.7,B,2.6,1.5,14.3,10.1,20.5,3.5,Free Agent,11
216,"Reed, Jordan WAS TE",64.8,4.98,10.8,2.5,6.5,B,2.1,3.6,4.3,3.8,3.4,5.1,13.1,7.5,2.1,0, , , ,Free Agent (I),4
217,"Gallup, Michael DAL WR",64.7,4.04,0.9,0.5,1.7,4.5,0.6,2.7,14.1,B,5.1,3.4,1,1.9,7.6,2.4,0,11.3,7,Free Agent,8
218,"Goodwin, Marquise SFO WR",64.4,5.85,0, ,8.8,2.8, ,25.1,2.4,11.5,1.3,6.9,B, , ,2,0.7,2.9, ,Free Agent (Q),11
219,"Rogers, Chester IND WR",64.1,4.01,1.8,1.7,1.4,10.5,6.6,11.5,4,2,B,-0.4,0.9,4.9,0,3.6,1,11.4,3.2,Free Agent,9
220,"Lynch, Marshawn OAK RB",64,10.67,10.9,12.8,14.6,15.7,4.1,5.9,B, , , , , , , , , , ,Free Agent (I),7
221,"Santos, Cairo TBB PK",64,7.11, , , , ,9,11, , , , ,5,9,6,2,6,8,8,Free Agent,5
222,"Ross, John CIN WR",63.9,4.92,6.3,0.5,1.6,11.2, , ,0, ,B,9.9,8.7,9.1,1.5,7.1,0.9,7,0.1,Free Agent,9
223,"Samuels, Jaylen PIT RB",63.5,4.23,0, ,0,0,0,0,B,1.7,0.2,8.9,0,1.2,8.5,9.2,17.2,12.4,4.2,The Worst to First All Stars,7
224,"Anderson, C.J. LAR RB",62.4,6.24,3.5,3.1,9.3,B,0.9, ,0,2,0.1,-0.1, , , , , ,22.2,21.4,Super Mojo Juggernaut,12
225,"Brate, Cameron TBB TE",61.9,3.87,0,0,9.4,8.9,B,7.5,-0.7,1.3,1.5,1.4,1.6,8.6,3.6,13.2,0.9,0.8,3.9,Super Mojo Juggernaut (Q),5
226,"Roberts, Seth OAK WR",61.9,4.13,1.1,10.3, ,1.2,4.1,3.1,B,10.2,0.8,3.9,3.8,6.5,2.5,7.6,2.7,1.4,2.7,Free Agent,7
227,"Uzomah, C.J. CIN TE",61.9,3.87,0.4,4.5,7.9,0.6,4.3,5.4,7.3,0,B,2.3,4.1,3.9,3.3,3.7,2.7,10.9,0.6,Free Agent,9
228,"Penny, Rashaad SEA RB",61.4,4.39,4.3,3,0.5,4.9,0,7,B,0,2.4,16.8,4.6,0.4,12.5,4.4, , ,0.6,Free Agent,7
229,"Bernard, Giovani CIN RB",60.9,5.08,0.9,4.2,14.6,21.6, , , , ,B,3.6,2.5,2.2,4.6,2,3.2,0,1.5,Free Agent,9
230,"Clement, Corey PHI RB",59.1,5.37,2.6,14.5,7.5, , ,12.9,2.2,0.5,B,0.8,1.5,9.6,7.4,-0.4, , , ,Free Agent (I),9
231,"Morris, Alfred SFO RB",59.1,4.92,0.8,8,12.7,1.8,9.1,0,2.5,2.8,1.3,1.9,B, , ,0.7, , ,17.5,Free Agent,11
232,"Ware, Spencer KCC RB",59,4.54,4,0.3,3,0.6,1.3,1.4,8.9,0,8.1,7.3,0,B,11.2,12.9, , , ,Straight Ballin - IR,12
233,"Allen, Javorius BAL RB",57.6,4.11,9.2,10.4,14.6,4.7,4.8,1.9,2.4,7.8,1.4,B,0.2,0.2,0,0,0, , ,Marauders,10
234,"Conley, Chris KCC WR",57.4,3.59,1.5,4.7,7.3,1.3,2.1,1.9,0.6,0,2.3,2.2,19.4,B,8.5,1.3,1.9,2.4,0,Free Agent,12
235,"Goedert, Dallas PHI TE",57.4,3.59,0.4,0,13.3,1.3,1.6,0.7,10.3,9.2,B,0,0,3.3,0,10.4,1.2,3,2.7,Free Agent,9
236,"Riddick, Theo DET RB",55.5,3.96,3.5,4.7,3.6,2.7,2.3,B, , ,3.6,6,3,6,5.8,5.8,5.6,0.5,2.4,Free Agent (Q),6
237,"Garoppolo, Jimmy SFO QB",54.9,18.3,8,20.6,26.3, , , , , , , ,B, , , , , , ,Free Agent (I),11
238,"James, Jesse PIT TE",54.3,3.39,6,19.8,0.7,2.3,2,2.6,B,0.9,5.3,6.8,0,3.5,0.7,2.8,0.9,0,0,Free Agent,7
239,"Crowder, Jamison WAS WR",53.8,5.98,3.2,3.7,10.5,B,5.5, , , , , , , ,3.1,14.7,4.6,7.8,0.7,Free Agent,4
240,"Everett, Gerald LAR TE",53.6,3.35,0,1.7,0.3,1.3,2.4,2.4,-0.5,2.2,6.8,7.5,16.9,B,0.7,2.9,4.6,4.4,0,Free Agent,12
241,"Wright, Jarius CAR WR",53.6,3.35,2.3,12.2,0.7,B,2.5,0.3,9.1,0.5,0.8,2.2,4,2.5,4.4,4.1,2.1,3.9,2,Free Agent,4
242,"Olsen, Greg CAR TE",53.1,5.9,3.3, , ,B, ,4.8,6.5,11.6,13.6,4,6.9,1.1,1.3, , , , ,Honkey Kong (I),4
243,"Robinson, Aldrick MIN WR",53.1,3.79, , ,0.9,15.3,0,0,9.4,1.9,2,B,8.4,1.1,3.7,0,10.4,0,0,Free Agent,10
244,"Robinson, Demarcus KCC WR",52.8,3.3,0,6.3,0,3.1,0,0,1.3,0.1,0.3,3,1.4,B,3.8,4.2,6.7,7.7,14.9,Free Agent,12
245,"Watson, Ben NOS TE",52,3.25,4.4,1.9,7.1,2.3,3,B,10.3,0,12.2,0.1,0,2,0,2.4,2.8,0.6,2.9,Free Agent (Q),6
246,"Johnson, Josh WAS QB",51.5,12.88, , , ,B, , , , , , , , , ,25.3,16.9,8.3,1,Free Agent,4
247,"Grant, Jakeem MIA WR",51.3,5.13,9.8,3.2,19,1.7,6,3.2,3.2,3.6,1.6,0,B, , , , , , ,Free Agent (I),11
248,"Davis, Vernon WAS TE",50.7,3.62,0.9,0.7,7,B,1.5,10.8,0,2.1,6.2,0,0,13.3,1.5,5.1,1.6, , ,Free Agent (Q),4
249,"Thompson, Chris WAS RB",50.6,5.06,18.8,9.3,1.7,B,6.2, , ,2.2, , , , ,2.1,3.8,1.3,2.8,2.4,Ace,4
250,"Zenner, Zach DET RB",50.1,6.26, , , , , ,B, , , ,1.2,0,1.3,0.7,11.4,10.5,6.7,18.3,Free Agent,6
251,"Dorsett, Phillip NEP WR",49.9,3.12,12.6,4.4,0,11.5,2.5,0,0.8,0,3,1.8,B,1,0,0,0,1.3,11,Free Agent,11
252,"Taylor, Taywan TEN WR",49.6,3.82,0,9.2,3,7.7,0,1.3,0.8,B,2.4, , , ,10.4,5.9,1.7,6.4,0.8,Free Agent,8
253,"Cole, Keelan JAC WR",49.1,3.07,5.4,17.6,4,1.5,7,1.1,2.1,-1.2,B,0,0,0,1.6,5.5,0,0,4.5,Free Agent,9
254,"Booker, Devontae DEN RB",48.8,3.05,1.5,1.7,4.4,1.4,5.9,2.9,-0.1,10.1,5.4,B,0.4,0.6,4.2,1.1,1.7,4.2,3.4,Free Agent,10
255,"Jarwin, Blake DAL TE",48.7,3.04,0,0,0,0,1.1,0,1.6,B,1.5,0,0,2.5,1.2,5.6,4.5,0.8,29.9,Free Agent,8
256,"Inman, Dontrelle IND WR",48.4,5.38, , , , , , ,0,5.2,B,4.1,9.4,4,1.4, ,0,10.6,13.7,Free Agent,9
257,"Powell, Bilal NYJ RB",48.3,6.9,6.5,14,7.3,5.2,6.9,5.9,2.5, , , ,B, , , , , , ,Free Agent (I),11
258,"Enunwa, Quincy NYJ WR",47.9,4.35,12.3,9.2,5.7,6.6,0,-2.1, , ,4,1.8,B,7.3,0.9,2.2, , , ,Free Agent (I),11
259,"Dixon, Kenneth BAL RB",47.4,7.9,10.4, , , , , , , , ,B, , ,4.3,14,5,1.8,11.9,Free Agent,10
260,"Cobb, Randall GBP WR",47.3,5.26,20.2,3,-0.8, , , ,B,4,2.4, , , ,2.5,10.3,3, ,2.7,Tasty Reubens,7
261,"Brown, Jaron SEA WR",46.6,2.91,0.7,3.6,8.5,0,0,6.5,B,0,7,0,0,0,18.7,0,0,0.9,0.7,Free Agent,7
262,"Gates, Antonio LAC TE",46.3,2.89,3.6,0,4.5,8.7,1.9,0.5,1.1,B,0,1.8,14,1.8,2,1.9,5.4,-0.9,0,Free Agent,8
263,"Perriman, Breshad CLE WR",46.2,4.62, , , , , , ,0.6,0,4.5,3.3,B,-0.6,2.6,8.1,9.1,7.6,11,Free Agent,11
264,"Jackson, Justin LAC RB",46.1,3.55, , , ,0,0,1.2,1.4,B,0,0,0,5.7,14.2,3.5,14.5,4.6,1,Tecmo Bowls,8
265,"Sproles, Darren PHI RB",46,7.67,3.2, , , , , , , ,B, , , ,8.2,9.6,4.6,16.8,3.6,Free Agent,9
266,"Bibbs, Kapri GBP RB",45.8,3.82, , ,0.3,B,6.9,1.7,11.6,0,9.5,4.1,0.6,9.6,0, , ,0,1.5,Free Agent,7
267,"Thomas, Jordan HOU TE",45.5,2.84,2.7,0,5.3,0,1.1,0,0,14.9,6.7,B,1.1,0.6,9.2,3.1,0.2,0,0.6,Free Agent,10
268,"Montgomery, Ty BAL RB",45.3,3.48,2.8,4,6.5,7.4,3.8,8.2,B,-2.2, , ,0.5,6.4,5.5,0.2, ,0,2.2,Free Agent,10
269,"Thomas, Ian CAR TE",45.3,2.83,0.4,1,2,B,3.8,0,0,1.5,0,0,0,0,4.6,7.7,1.4,10.8,12.1,Free Agent,4
270,"Sharpe, Tajae TEN WR",45.2,2.83,1.7,1.4,1.6,8.7,3,3.3,10.1,B,0,0,9.7,0,5.1,0,0.6,0,0,Free Agent (Q),8
271,"Vannett, Nick SEA TE",44.9,2.99,1.1,2.3,2.7,0.6,4.3, ,B,1.6,11.2,6.8,1.7,2.2,0.4,1.2,0,7.1,1.7,Free Agent,7
272,"Benjamin, Kelvin KCC WR",44,2.93,1,7.9,2.9,3.4,1.1,4.3,7.1,4.5,4,0,B,3.2,2, ,1.7,0,0.9,Free Agent,12
273,"Rodgers, Jacquizz TBB RB",44,2.75,0.3,3.6,1.7,0,B,0,1.9,2.9,1,7.2,1.5,6.2,0,5.4,0.1,11.7,0.5,Free Agent,5
274,"Smith, Jonnu TEN TE",43.8,3.37,1.2,0,0.9,0,0,1.2,1.1,B,9.3,10.5,4.4,12.3,2.9,0, , , ,Free Agent (I),8
275,"Taylor, Tyrod CLE QB",43.4,10.85,24.6,15.4,3, , , , , ,0.4, ,B, , , , , , ,Free Agent,11
276,"Edmonds, Chase ARI RB",43.1,2.69,4.8,2,1,0.1,-0.1,0.4,2.1,2.1,B,0.7,1.7,0,18.6,1.4,4.4,2.1,1.8,Free Agent,9
277,"Kearse, Jermaine NYJ WR",43.1,3.08, ,-0.1,3.5,2.3,1.4,9.4,0,3,2,1.6,B,12.6,0,1,0.9,5.5, ,Free Agent (Q),11
278,"Allison, Geronimo GBP WR",42.3,8.46,12.9,6.4,13.6,8, , ,B,1.4, , , , , , , , , ,Free Agent (I),7
279,"Wilkins, Jordan IND RB",42.1,2.63,6.1,6.4,2,1.6,1.8,0,5.4,1.4,B,5.3,9,0.2,0,0,0.6,0,2.3,Free Agent,9
280,"Matthews, Jordan PHI WR",42,3, , ,2.1,11.6,0.4,2.6,0,9.3,B,4,3.7,0,6.4,0.6,0,1.3,0,Free Agent,9
281,"Hurns, Allen DAL WR",41.5,2.59,2,0.9,2.2,3,6.3,0,7.4,B,8.3,4,0,0.7,0,0.9,0.9,0,4.9,Free Agent (I),8
282,"Higbee, Tyler LAR TE",41.2,2.58,0,6.3,3.5,0,2.6,0,0,0.6,4,8.5,6.3,B,1.9,0.9,1.4,1.6,3.6,Free Agent,12
283,"Seals-Jones, Ricky ARI TE",40.3,2.69,1.9,1.7,9.5,5.2,0,6.9,1.2,1.2,B,5.1,0.5,0.5,1,3.1,2.2,0.3, ,Free Agent (Q),9
284,"Heuerman, Jeff DEN TE",40.1,3.65,1.5,1,0.7,5.7,1.8,2.3,0,6.4,14.3,B,2,4.4, , , , , ,Free Agent (I),10
285,"Pascal, Zach IND WR",39.8,2.49,1.8,0,0.3,11.6,1.2,4.3,0,-0.4,B,0,1.1,0,1.8,12.8,1.2,4.1,0,Free Agent,9
286,"Grant, Ryan IND WR",39.4,2.81,5.9,3,9.5,6.4,5.8,2.4, , ,B,0.6,1.5,0.3,0,1.5,1.6,0.5,0.4,Free Agent (Q),9
287,"Richardson, Paul WAS WR",39.1,5.59,2.2,6.3,10.6,B,5,9.3, ,4.1,1.6, , , , , , , , ,Free Agent (I),4
288,"Kessler, Cody JAC QB",37.6,7.52, , , , , , ,10, ,B, , , ,8.8,14.3,3.1,1.4, ,Free Agent,9
289,"Ajayi, Jay PHI RB",37.4,9.35,20.2,8.7, ,8.1,0.4, , , ,B, , , , , , , , ,Free Agent (I),9
290,"Pryor, Terrelle FA WR",37.1,4.64,4.9,8.4,2.5,0,8,11.7, , ,1.6,0,B, , , , , , ,Free Agent,11
291,"Gabbert, Blaine TEN QB",37,4.62,1.7,10.9,0.3, , , , ,B, , ,7.7, ,-0.1, ,-0.1,10,6.6,Free Agent,8
292,"Parker, DeVante MIA WR",36.9,3.35, , ,4, , ,0, ,13.4,0.8,4.3,B,1,10.3,1.8,0,1.3,0,Free Agent,11
293,"Hamilton, DaeSean DEN WR",36.3,2.59,0,0,0,0,4.4,0,0, , ,B,0.4,1.3,0,10.7,4.6,10,4.9,Free Agent,10
294,"Patrick, Tim DEN WR",36.2,2.26,0,2.6,0,0,0.6,0,0,9.7,1.7,B,0,0,0,9.6,6.5,3.7,1.8,Free Agent,10
295,"Treadwell, Laquon MIN WR",36.2,2.41,1.8,8.3,3.3,4.7,2.1,3.8,1.1,2.5,3.7,B,0.7,0.6,1.3,1.6,0, ,0.7,Free Agent,10
296,"Sturgis, Caleb FA PK",36,6,6,7,5,9,8, , ,B,1, , , , , , , , ,Free Agent,8
297,"Juszczyk, Kyle SFO RB",35.4,2.21,5.6,1.3,9.8,1.5,8.7,0,1.3,1,1.1,1.3,B,0,2,2.1,0.3,0,-0.6,Free Agent,11
298,"Ellison, Rhett NYG TE",35.2,2.51,1.6,0.5,9.9,2.9,3.7, ,1.1,0,B,0.6,1.2,7.7,4.2,0,0,1.8, ,Free Agent (Q),9
299,"Gonzalez, Zane ARI PK",35,5,3,6, , , , , , , , ,B, ,8,3,2,3,10,Free Agent,9
300,"Burkhead, Rex NEP RB",34.7,4.34,6.9,2.2,2.6, , , , , , , ,B, ,4.1,0.5,4.3,4.9,9.2,Free Agent,11
301,"Coutee, Keke HOU WR",34.7,5.78, , , ,10.7,11.3,3.3,0.3, , ,B,7.7,1.4, , , , , ,Free Agent,10
302,"Garcon, Pierre SFO WR",34.6,4.33,2.1,5.7,1.1,5.2,4.7,3.7,0.5, ,11.6, ,B, , , , , , ,Free Agent (I),11
303,"Ginn Jr., Ted NOS WR",34.5,6.9,15.3,2.5,9.2,0.1, ,B, , , , , , , , , ,7.4, ,Free Agent,6
304,"Brown, Malcolm LAR RB",34.4,2.87,2.3,6.6,4.2,0,0,2.4,7.1,0.7,7.8,1,1.5,B,0.8, , , , ,Free Agent (I),12
305,"Harris, Demetrius KCC TE",34.4,2.29, ,0,7.3,5.9,0.5,0,7.7,0,0,0,0.3,B,9.9,2.8,0,0,0,Free Agent,12
306,"Daniel, Chase CHI QB",33.7,6.74, , , ,-0.2,B, ,0, ,-0.3, , ,22.4,11.8, , , , ,Free Agent,5
307,"Doyle, Jack IND TE",33.5,5.58,3,2, , , , , ,13,B,3.6,4.3,7.6, , , , , ,Free Agent (I),9
308,"McKenzie, Isaiah BUF WR",33.5,4.19, , , , , , , ,0, ,4.6,B,7.9,1.6,12.9,5.7,0.8,0,Free Agent,11
309,"Switzer, Ryan PIT WR",33.4,2.09,0.8,1.9,6.9,3.3,0.5,0.7,B,0,2.1,3.1,2.8,7.1,0.9,0.1,1.2,1.8,0.2,Free Agent (Q),7
310,"St. Brown, Equanimeous GBP WR",33.3,2.78,0, , , ,8.9,1.9,B,3.1,0.4,0.3,1.6,5.8,0,1.2,0.7,9.4, ,Free Agent (Q),7
311,"Dickson, Ed SEA TE",33.2,3.32, , , , , , ,B,11.4,0,2.4,7.5,1.3,0,0.4,1.4,7.9,0.9,Free Agent,7
312,"McCrane, Matthew PIT PK",33,6.6, , , ,13,4,3,B, , , ,3, , , , , ,10,Free Agent,7
313,"Smith, Torrey CAR WR",33,3,1.5,9.3,1.9,B,0,12.3,6.1, , , , ,0,0,0, ,1.9,0,Free Agent,4
314,"Kirkwood, Keith NOS WR",32.9,4.11, , , , , ,B, , , ,4.5,3.3,6.5,9,2.1,4,3.5,0,Free Agent (Q),6
315,"Toilolo, Levine DET TE",32.3,2.02,0.7,0,0,1.2,0,B,0,1.2,0,1.6,1.3,0,9,2.6,2.8,1.6,10.3,Free Agent,6
316,"Croom, Jason BUF TE",31.9,2.13,1.8,0.7,8.6,1.3,0.9,0,0.8,1.4,0.6,6,B,1.6,0, ,2.5,2.5,3.2,Free Agent,11
317,"Cannon, Trenton NYJ RB",31.7,1.98,2.1,0,0,0,0,0,7.3,2.2,1.5,3.5,B,-0.3,2.5,6.7,3.7,0.9,1.6,Free Agent,11
318,"Mostert, Raheem SFO RB",31.6,3.51,0,0,0.8,0,-2.1,8.7,7.8,1.8,14.6, ,B, , , , , , ,Free Agent (I),11
319,"Austin, Tavon DAL WR",31.5,4.5,0.1,15.4,8,0.7,4.4,1.9, ,B, , , , , , , , ,1,Free Agent,8
320,"Harris, Maurice WAS WR",31.4,2.62, , ,0,B,4.7,1.9,2.2,2,12.4,5.6,1.3,0,0,0,1.3, , ,Free Agent (I),4
321,"Jones, T.J. DET WR",31,2.07,0.6,0,0.4,0,0,B,2.6, ,1.3,1.2,0.2,1.5,2.5,0,0.5,4.2,16,Free Agent,6
322,"LaCosse, Matt DEN TE",31,2.07,0,0,0,1.7,1.9,0.7,1.2,2.9,4.4,B,0.9,9.4,0,0.3,4.3, ,3.3,Free Agent,10
323,"Develin, James NEP RB",30.9,1.93,2.2,0,0,0,0,0.3,0,0.7,0,6.1,B,0,13.4,6.2,1.8,0,0.2,Free Agent,11
324,"Shepard, Russell NYG WR",30.8,2.57,0,0,0,0.9,5.2, , ,0,B,0,0,2.9,11.9,7.1,2.8, , ,Free Agent (Q),9
325,"Murphy, Marcus BUF RB",30.6,2.78,3.1,1.3,3.4, , , ,7,0,-0.1,6.9,B,0,0.7,4.8,3.5, , ,Free Agent (I),11
326,"Allen, Kyle CAR QB",30.5,15.25, , , ,B, , , , , , , , , , , ,1.5,29,Free Agent (Q),4
327,"Griffin, Ryan HOU TE",30.5,2.18,0,1.9,4.4,1.2,6.5,0, , ,1.3,B,0,3.8,1.2,8,-0.1,1.5,0.8,Free Agent,10
328,"Wilson, Jeffery SFO RB",30.4,5.07, , , , , , , , , , ,B,4.1,10.4,9.6,1.6,3.8,0.9,Free Agent (Q),11
329,"McCoy, Colt WAS QB",30.2,10.07, , , ,B, , , , , , ,11.7,16.5,2, , , , ,Free Agent (I),4
330,"Swaim, Geoff DAL TE",30.2,3.36,1.8,0,4.7,9.9,5.5,2.1,2.5,B, ,1.3,2.4, , , , , , ,Free Agent (I),8
331,"Dawson, Phil ARI PK",30,3,0,0,2,5,4,5,4,4,B,2, ,4, , , , , ,Free Agent (I),9
332,"Fells, Darren CLE TE",29.7,1.86,1.2,1.5,0,10.9,0.8,0,0,0.6,0,0,B,6.6,0,0,0,7.8,0.3,Free Agent,11
333,"Gallman, Wayne NYG RB",29.5,1.97,0.8,1.3,2.5,-0.7,0,4.2,0,-0.1,B,0.3,3.5,2.3,1.4,3.8, ,1.2,9,Free Agent,9
334,"Taylor, Trent SFO WR",29.5,2.11,2.8,0,2.4,1.2,12.1, ,0.6,0.7, ,1.2,B,0,1.1,0.6,0.8,2.3,3.7,Free Agent,11
335,"Benjamin, Travis LAC WR",28.7,2.39,2, , ,0.2, , ,1.3,B,-0.2,-0.2,0,4.7,10.5,1.1,6.5,1.7,1.1,Free Agent,8
336,"Ellington, Bruce DET WR",28.6,4.09,9.7,4.5,1, , , , , , ,B,5.2,3,3.5,1.7, , , ,Free Agent (I),6
337,"Hill, Taysom NOS QB",28.6,1.79,0,0,3.9,2.8,8.3,B,0.5,2.1,1,2.4,0.8,1.3,0,-0.6,1.7,-3,7.4,Free Agent,6
338,"Firkser, Anthony TEN TE",28.5,2.38, ,0, , , ,2.5,0,B,0,1.1,4.4,5.2,10.2,2.7,0,1.6,0.8,Free Agent,8
339,"Stocker, Luke TEN TE",28.5,1.78,3.7,1.5,1.1,0,0,0,7.1,B,0.5,0,1.6,1.4,0,0.7,2.7,0,8.2,Free Agent (Q),8
340,"Roberts, Michael DET TE",28,3.5,0,7.5, , , ,B,16.8,0,1.2,0.9, ,1.6, ,0, , , ,Free Agent (I),6
341,"Ballage, Kalen MIA RB",27.7,2.31, , , ,0.3,0.2, ,0,0.5,1.5,0.6,B,-0.5,0.3,0,18.1,4.9,1.8,Cooter Brown's Poon Hounds,11
342,"Washington, James PIT WR",27.7,1.98,0,7.4,2.5,1,0,0,B, ,1.7,0,1.1,0, ,1.1,6.5,0,6.4,Free Agent,7
343,"Dissly, Will SEA TE",27.6,6.9,16.5,10.2,0.4,0.5, , ,B, , , , , , , , , , ,Free Agent (I),7
344,"Moore, Chris BAL WR",27.3,1.71,0.5,1.1,0,2.2,2,1.2,2.3,1.9,3,B,2.2,0.1,2.1,0,6,0.8,1.9,Free Agent,10
345,"Green, Virgil LAC TE",27,1.69,2.1,5.5,0.6,0.9,7.3,0,0,B,2.8,3,2.7,0,0,0,0.9,1.2,0,Free Agent,8
346,"Sherfield, Trent ARI WR",27,2.08,0, ,0,0,0, ,0, ,B,0,0.6,0.6,2.1,7.7,7.5,6.2,2.3,Free Agent,9
347,"Swoope, Erik NOS TE",26.7,3.81,1.3, ,0.7, ,10.4,6.2,7.7, ,B, , , ,0.4,0, , , ,Free Agent,9
348,"Bryant, Martavis OAK WR",25.9,3.24, ,3,3.4,5.1,6.1,1.8,B,0,4.6,1.9, , , , , , , ,Free Agent (I),7
349,"Fowler, Bennie NYG WR",25.9,2.59, , , , , , ,1.1,4.8,B,0,1,2.3,1.1,6.6,4.3,2.6,2.1,Free Agent,9
350,"LaFell, Brandon OAK WR",25.5,4.25, ,0,0, , , ,B,9.9,2,4.7,8.9, , , , , , ,Free Agent (I),7
351,"Bolden, Brandon MIA RB",25.4,1.59,0,0,0,0,0,0,0,0,0,0,B,0,1,18,1.2,4.3,0.9,Free Agent,11
352,"Alie-Cox, Mo IND TE",25.3,2.81, , , ,1.7, ,3.4,0.7,8.6,B,8.8,0, , , ,0,0,2.1,Free Agent,9
353,"Hardy, Justin ATL WR",25.3,1.58,0,0,0,0.4,0,3.3,2.4,B,0,0.7,0,0.6,0,9,8.9,0,0,Free Agent,8
354,"Smith, Lee OAK TE",25.3,1.58,0,0,0,2.3,0,0,B,0,0,0,0.6,3.9,6.1,6.3,6.1,0,0,Free Agent,7
355,"Latimer, Cody NYG WR",25,4.17,0,4.1,1.5, , ,5.2, , ,B, , , , , , ,1,13.2,Free Agent,9
356,"Roberts, Andre NYJ WR",24.9,1.56,6.2,0,0,0,0.4,0,2.1,0,0,0,B,0,2.8,-3,7.6,6,2.8,Free Agent,11
357,"Smith, Rod DAL RB",24.7,1.54,0.5,0,0,2.2,1,0.4,0,B,0.8,2.2,0.8,0.7,0.2,4.3,1.4,-0.7,10.9,Free Agent,8
358,"Hill, Josh NOS TE",24.5,1.53,1.5,0.5,1.7,6.3,8.4,B,0,0,1,0,2.6,0,0,0,2.4,0.1,0,Free Agent (Q),6
359,"Core, Cody CIN WR",24,1.71, , ,0,0,0,0,3,0,B,1.7,0,0.7,9,3,1,5.6,0,Free Agent (Q),9
360,"Williams, Chad ARI WR",24,2.4,0,0,0.8,8.2,2.3,0.5,3.4,2.1,B, , , , , , ,0.7,6,Free Agent,9
361,"Eifert, Tyler CIN TE",23.9,5.98,4.4,2.3,7.4,9.8, , , , ,B, , , , , , , , ,Free Agent (I),9
362,"Kendricks, Lance GBP TE",23,1.44,1.3,0.4,0,0.5,6.8,3.7,B,0,0,2.4,1.2,1.4,0,0,2.7,2.6,0,Free Agent,7
363,"Tavecchio, Giorgio ATL PK",23,7.67, , , , , , ,11,B,8,4, , , , , , , ,Free Agent,8
364,"Akins, Jordan HOU TE",22.5,1.41,1.1,2.1,1.8,2.4,0.9,0.6,0,0,0,B,4.2,0.8,1.3,4,0,3.3,0,Free Agent,10
365,"Hurst, Hayden BAL TE",22.3,1.86, , , , ,0.7,0,0,8.9,2.1,B,0,2.5,0,0,2,1.8,4.3,Free Agent,10
366,"James, Richie SFO WR",22,1.69, ,0, , ,0.7,0,0,0,6,0,B,2.7,-3,0,6,0.4,9.2,Free Agent,11
367,"Nugent, Mike OAK PK",22,7.33,7,7,8, , , ,B, , , , , , , , , , ,Free Agent (I),7
368,"Carr, Austin NOS WR",21.7,1.55,2,0,2.5,0,1.7,B,0,0,0,2,6.3,7.2,0,0, , ,0,Free Agent,6
369,"Ateman, Marcell OAK WR",21.4,3.06, , , , , , ,B, , , ,5,1.6,7.6,4.5,2,0,0.7,Free Agent,7
370,"O'Shaughnessy, James JAC TE",21.4,1.53,0,1.7,0,2.8,2.7,2.9, , ,B,4.6,0.4,0,1.9,1.2,0.7,0,2.5,Free Agent,9
371,"Boyle, Nick BAL TE",21.3,1.33,4,2.6,0.2,3.6,1,0.7,0.8,0.7,0,B,3.6,1.9,0.7,0,0,1.5,0,Free Agent,10
372,"Barkley, Matt BUF QB",21.1,21.1, , , , , , , , , ,21.1,B, , , , , , ,Free Agent,11
373,"Williams, Maxx BAL TE",21.1,1.62,3.2,3.8,0.5,5.1,0.8,0,0.1, , ,B, ,0,0,7,0.6,0,0,Free Agent,10
374,"Arnold, Dan NOS TE",21,2.1, , , , ,0,B,3.5,0,0,2.5,2.5,10.5,2, ,0, ,0,Free Agent,6
375,"Celek, Garrett SFO TE",21,1.4,0,8.2,0.7,0,0,0,0,0,0,0,B,0,0,0,12.1,0, ,Free Agent (Q),11
376,"Hall, Marvin ATL WR",20.9,1.31,0,3,0.7,0.2,2.5,0,12.3,B,0,1.2,0.3,0,0,-0.3,1,0,0,Free Agent,8
377,"Carroo, Leonte MIA WR",19.8,2.2, , , , , , , ,0,0,6.4,B,13.4,0,0,0,0,0,Free Agent,11
378,"Bellamy, Josh CHI WR",19.7,1.23,0,0.6,0.2,8,B,0,0,3.7,0,0,3.1,0.7,0.8,0,1.8,0.6,0.2,Free Agent,5
379,"Marshall, Brandon FA WR",19.6,3.27,10.6,4.4,3,0.5,0,1.1,B, , , , , , , , , , ,Free Agent,7
380,"Carter, DeAndre HOU WR",19.3,1.38,1,0, ,0,0,1.1,0,0,B, ,0,1.4,3.2,0,6.2,6.1,0.3,Free Agent,10
381,"McCown, Josh NYJ QB",18.7,4.67, , , , , , , , , ,-0.2,B,16.5,2.4,0, , , ,Free Agent,11
382,"Floyd, Michael WAS WR",18,1.38, , , ,B,0,0,2,0,0,1.5,1.8,0,0.9,2,1.6,6.7,1.5,Free Agent,4
383,"Janovich, Andy DEN RB",17.7,1.11,0,1.1,0.2,3.2,0,0,0,0,0.9,B,1.2,0,0.7,0.3,0,1.1,9,Free Agent,10
384,"Line, Zach NOS RB",17.5,1.09,0,0.4,6.6,0,0,B,0,0,0.3,1.3,-0.1,0,0,6.5,0.6,0,1.9,Free Agent,6
385,"Leggett, Jordan NYJ TE",17.4,1.16,0, ,0,7.3,1,0,0,0,0.6,0.6,B,2.4,1.8,1.3,0.8,0.9,0.7,Free Agent,11
386,"Gesicki, Mike MIA TE",17.2,1.08,1.1,0,3.1,0.9,2.6,1.1,4.4,1.4,0,0.5,B,-2.5,0,0,2.3,0.5,1.8,Free Agent,11
387,"Jennings, Darius TEN WR",17.1,1.07,6,0,0.7,0.6,0.6,0,0,B,3.6,0.8,0,0,0,0,0,3.1,1.7,Free Agent,8
388,"Kumerow, Jake GBP WR",16.3,3.26, , , , , , ,B, , , , , ,1.1,0,0.5,12.8,1.9,Free Agent,7
389,"Holmes, Andre FA WR",16.2,1.08,1.4,0,2.9,0.8,0,2,1.3,4.5,0.6,2.2,B,0,0,0,0.5,0, ,Free Agent (Q),10
390,"Pruitt, MyCole TEN TE",16.2,1.08, ,0,0,0,0,0,0,B,0,0,1.9,1.3,0.4,0.9,0.2,8.9,2.6,Free Agent,8
391,"Thompson, Deonte BUF WR",16.1,1.24,2.7,3.3,2.3,0,1.9,0.1,0,B,2.1, , ,0,1.2,1.4,0,1.1, ,Free Agent (Q),11
392,"Johnson, Marcus IND WR",16,3.2, ,0,-0.2,2.4,2.6,11.2, , ,B, , , , , , , , ,Free Agent (I),9
393,"Erickson, Alex CIN WR",15.9,0.99,0,0,0,1.6,2.4,0.8,-0.1,0.5,B,0,0,0,-2.8,1.4,2.3,3.5,6.3,Free Agent,9
394,"Sherman, Anthony KCC RB",15.8,0.99,9.6,0,1.6,0,1.5,-0.2,0,1,0,0.2,0,B,0,0.2,0,0,1.9,Free Agent,12
395,"Clay, Charles BUF TE",15.4,1.18,0,2.9,1.8,4,1.2,2,-1.6,3.6,0, ,B, ,0.9,0.6,0, ,0,Free Agent,11
396,"Mizzell, Taquan CHI RB",15.4,1.71, , , , ,B, , , ,0.5,0,-0.1,8.8,2.3,0.1,1,2.8,0,Free Agent,5
397,"Washington, Dwayne NOS RB",15.4,1.18, , , ,0.2,0,B,0,0,0,4.7,-0.3,0,0,0,0,0,10.8,Free Agent,6
398,"Paulsen, Logan ATL TE",15.1,1.01,0,1,1.1,7.7,0,0,0,B,0,1.3,1.9,0.2,0, ,0,0,1.9,Free Agent,8
399,"Smith, Vyncint HOU WR",15.1,2.52,0, ,2.8, , , , ,0,0,B, , , , , ,9.5,2.8,Free Agent,10
400,"Forbath, Kai JAC PK",15,5, , , , , , , , ,B, , , , , ,7,5,3,Free Agent,9
401,"Seferian-Jenkins, Austin JAC TE",15,3,2.5,8.3,1.8,2.4,0, , , ,B, , , , , , , , ,Free Agent (I),9
402,"O'Leary, Nick MIA TE",14.6,1.22, , , , ,0,10.9,2.3,0,0,0.5,B,0,0.9,0,0,0,0,Free Agent,11
403,"Simonson, Scott NYG TE",14.6,0.91,0,0,0,0.7,0,2.4,0,0,B,0,0,0,2.5,0,0,7.6,1.4,Free Agent,9
404,"Artis-Payne, Cameron CAR RB",14.4,1.6, ,0,0,B, , , , , , ,0.1,0,0,0.5,0,2,11.8,Free Agent,4
405,"Chark, D.J. JAC WR",14.4,1.31,0,-1.7,0,0.6,6.8,0,3.1,4.1,B,0,1.5, , , , , ,0,Free Agent,9
406,"Meredith, Cameron NOS WR",14.4,2.4, , ,7.1,3.2,4.1,B,0,0,0, , , , , , , , ,Free Agent (I),6
407,"Ratley, Damion CLE WR",14.4,1.2, ,0,0, , ,8.2,2.3,2.1,1.6,0,B, ,0.2,0,0,0,0,Free Agent,11
408,"Burnett, Deontay NYJ WR",14.3,2.86, , , , , , ,0.9,6.1,0, ,B, , , , ,0,7.3,Free Agent,11
409,"Armah, Alexander CAR RB",14,0.88,6.1,0.4,0.1,B,0.4,0,0,0,6.1,0.3,0,0,0,0,0,0,0.6,Free Agent,4
410,"Jones, Andy DET WR",14,1.75, , , , , ,B, , ,0, ,0,0.4,0,0.5,6.9,1.2,5,Free Agent,6
411,"Jones, Ronald TBB RB",13.7,1.52, , , ,2.8,B,1.9,8.8,0.1, , , , ,0.2,0,-0.1,0,0,Free Agent,5
412,"Tonyan, Robert GBP TE",13.7,0.86,0,0,0,0,0,0,B,0,0,0,11.4,0,0.5,0,0,1.1,0.7,Free Agent,7
413,"Hill, Brian ATL RB",13.6,1.51, , ,0,0, , , ,B, ,0,0,0, ,0.5,0.7,8.5,3.9,Free Agent,8
414,"Quinn, Trey WAS WR",13.5,4.5,0, , ,B, , , , , , ,4.9,8.6, , , , , ,Free Agent (I),4
415,"DeValve, Seth CLE TE",13.4,1.03,0, , , ,2.6,0,0,8.8,0,0,B,0,1.9,0,0,0.1,0,Free Agent,11
416,"Powell, Brandon DET WR",13.3,2.22, , , , , ,B, ,0,0,0.6, , , , ,1.5,0.9,10.3,Free Agent,6
417,"Sprinkle, Jeremy WAS TE",13.1,0.82,0,0,0,B,0,3,0,0,0,0,0,0,0,0,7.9,2.2,0,Free Agent,4
418,"Williams, Darrel KCC RB",13.1,2.18, , , , , , , , , ,0, ,B,0,0.8,9.2,0,3.1,Free Agent,12
419,"Ficken, Sam SEA PK",13,6.5, , ,5,8, , , , , , , ,B, , , , , ,Free Agent,12
420,"Glennon, Mike ARI QB",12.9,6.45, , , , , , , , ,B, , , , , ,10.4,2.5, ,Free Agent,9
421,"Heinicke, Taylor CAR QB",12.9,2.15, , , ,B, , , ,0.3, ,0,0, ,0,1.3, ,11.3, ,Free Agent (I),4
422,"Shaheen, Adam CHI TE",12.8,2.13, , , , ,B, , , , , ,2, ,6.5,0,3.9,0.4,0,Free Agent,5
423,"Carrier, Derek OAK TE",12.7,0.79,2,0.5,0,0,0,0,B,0,0.8,0.5,0,0,0,8.9,0,0,0,Free Agent (Q),7
424,"Butler, Brice MIA WR",12,1.71, , , , , , ,0,B, , , ,0,2.5,8.3,1.2,0,0,Free Agent,11
425,"Schultz, Dalton DAL TE",11.6,1.05,0, , , , , ,1.2,B,0,2.1,0,-0.1,0.7,3.7,2.3,0,1.7,Free Agent,8
426,"Harris, Dwayne OAK WR",11.2,0.75,0, ,1.1,-0.1,0,0.7,B,1.3,1.3,0,0,0,0.9,0,0,6,0,Free Agent,7
427,"Manhertz, Chris CAR TE",11.2,0.7,0,0,0,B,0,0.2,0,0,0,0,0,0,0,0,11,0,0,Free Agent,4
428,"Derby, A.J. MIA TE",10.8,2.7,0,7.9,1.6, , , , , , ,1.3,B, , , , , , ,Free Agent (I),11
429,"Bradford, Sam FA QB",10.7,3.57,0.8,0.6,9.3, , , , , ,B, , , , , , , , ,Free Agent,9
430,"Grant, Corey JAC RB",10.7,2.14,0.3,6.9,1,1.7,0.8, , , ,B, , , , , , , , ,Free Agent (I),9
431,"Kelly, John LAR RB",10.1,2.53, , , , , , , , , , , ,B, ,0,0.4,4.9,4.8,Free Agent,12
432,"Ford, Keith BUF RB",10,5, , , , , , , , , , ,B, , , ,5.3,4.7, ,Free Agent,11
433,"Lewis, Tommylee NOS WR",10,1.43,0,0, , , ,B, , , , , ,8.8, ,2,-2.6,0,1.8,Free Agent,6
434,"Ridley, Stevan PIT RB",9.8,0.89,0,0.7,1.8, ,0.8,0.2,B,-1.7, ,2.6,0, , ,6.4,1.6,-2.6, ,Free Agent,7
435,"Waller, Darren OAK TE",9.6,2.4, , , , , , ,B, , , , , , ,0,6.5,0.8,2.3,Free Agent,7
436,"West, Charcandrick KCC RB",9.6,3.2, , , , , , , , , , , ,B, , ,0,9.8,-0.2,Free Agent,12
437,"Paul, Niles FA TE",9.5,1.58,0,2.2,0,1.1,6.5,-0.3, , ,B, , , , , , , , ,Free Agent (Q),9
438,"Rogers, Eli PIT WR",9.5,3.17, , , , , , ,B, , , , , , , ,2,2.2,5.3,Free Agent,7
439,"Thomas, De'Anthony KCC WR",9.5,1.9,6.1,0,0,2.1,1.3, , , , , , ,B, , , , , ,Free Agent (I),12
440,"Washington, DeAndre OAK RB",9.4,0.94, , , , , , ,B,0.4,2.7,0,3.9,1.7,-2.3,0,0.1,-0.1,3,Free Agent,7
441,"Ham, C.J. MIN RB",9.3,0.62,0,0.5,4.7,0.7,0.7,0.1,0,0.1,0,B,0,1.3,1.1,0,0,0.1, ,Free Agent (Q),10
442,"White, Kevin CHI WR",9.2,1.02,0,0,0,0,B,0,6.4,0.6, , , ,0, , , , ,2.2,Free Agent,5
443,"Freeman, Devonta ATL RB",9.1,4.55,5, , , ,4.1, , ,B, , , , , , , , , ,Free Agent (I),8
444,"Foreman, D'Onta HOU RB",8.7,8.7, , , , , , , , , ,B, , , , , ,8.7, ,Free Agent,10
445,"Willson, Luke DET TE",8.7,0.62,0,1.3,1,0.6,0,B,0.8,2.1,1.7, ,0,0.4,0.8,0,0,0, ,Free Agent (Q),6
446,"Butt, Jake DEN TE",8.5,2.83,2.9,4.8,0.8, , , , , , ,B, , , , , , , ,Free Agent (I),10
447,"Batson, Cameron TEN WR",8.3,0.75, , , , , ,0,0,B,2.1,3.6,0.6,1.3,0.7,0,0,0,0,Free Agent,8
448,"Thomas, Logan BUF TE",8.3,0.69,2.4,0.7, , ,0,0,0,0,4,0.7,B,0, ,0.5, ,0,0,Free Agent,11
449,"Bridgewater, Teddy NOS QB",8.2,1.64, , , , ,-0.3,B, ,0, ,-0.3,-0.1, , , , , ,8.9,Free Agent,6
450,"Peterman, Nathan OAK QB",7.8,1.95,-4.9, , , , ,2.6, ,0.9,9.2, ,B, , , , , , ,Free Agent,11
451,"Conklin, Tyler MIN TE",7.7,0.48,0.6,0,0.7,0,0,0,0,0,0,B,0,0,0,1.1,5.3,0,0,Free Agent,10
452,"Lengel, Matt CIN TE",7.7,0.7, , , , , ,0,0,0.4,B,0,6.4,0,0.9,0,0,0,0,Free Agent (Q),9
453,"Coleman, Corey NYG WR",7.6,0.95, , , , , , , , ,B,1.1,0.9,0,0,4.3,0.8,0.5,0,Free Agent (Q),9
454,"Hilliard, Dontrell CLE RB",7.5,0.68, , , , , ,0,0,2.4,0,-2.4,B,0,4,2,0,1.5,0,Free Agent,11
455,"Penny, Elijhaa NYG RB",7.5,0.54, , ,0,0,0,0,0.2,0,B,1.2,0.4,0.7,0,3.7,0.2,0.5,0.6,Free Agent,9
456,"Walton, Mark CIN RB",7.5,0.54, , ,0,3.7,0.3,-0.2,1,1.7,B,0,0,0,1,0,0,0,0,Free Agent,9
457,"Barner, Kenjon CAR RB",7.4,0.82, , , ,1.1, ,1.6,3.6,0.4,0.4, ,B, ,0,0,0,0.3, ,Free Agent (I),4
458,"Tomlinson, Eric NYJ TE",7.2,0.48,0.7,2.4,1.4,0,1.5,0,-0.5,0,0.6,0,B,0,0,0,1.1,0, ,Free Agent (I),11
459,"DiMarco, Patrick BUF RB",7.1,0.44,0,2.4,0,0,0,0,0,0,0,0,B,0,3.8,0,0.9,0,0,Free Agent,11
460,"Newsome, Detrez LAC RB",6.8,0.76,0,0,0, , , ,0,B, , , ,1.5,0,0,5.3,0, ,Free Agent,8
461,"Bell, Blake JAC TE",6.7,0.67, , , , , , ,0,1.3,B,2.7,0,0.5,0,1.6,0.6,0,0,Free Agent,9
462,"Perkins, Joshua PHI TE",6.7,0.74,0,5.7,1,0,0,0,0,0,B,0, , , , , , , ,Free Agent (I),9
463,"Sudfeld, Nate PHI QB",6.7,3.35, , , , , , , , ,B, , , , , , ,0,6.7,Free Agent,9
464,"Gresham, Jermaine ARI TE",6.4,0.49, , ,0.9,0,1.1,2.6,0,-0.8,B,0,0.8,0.2,0,0,1.6,0, ,Free Agent,9
465,"Nelson, J.J. ARI WR",6.4,0.46,0,0,0,0.4,0,0.9,1.5,0.8,B,-1,0,0,0,3.8,0, , ,Free Agent,9
466,"Gage, Russell ATL WR",6.3,0.42,0, ,0,0,0,0.9,0,B,0,0,0,0,0.7,0,3.3,0,1.4,Free Agent,8
467,"Grinnage, David FA TE",6.1,1.52, , , , , ,0.7,1.7,3.7,B,0, , , , , , , ,Free Agent,9
468,"Hewitt, Ryan IND RB",6.1,0.51, ,0,0,0,0,0,0,0,B, , , ,0,0,0,0,6.1,Free Agent,9
469,"Willies, Derrick CLE WR",6.1,1.22,0,0,0,0,6.1, , , , , ,B, , , , , , ,Free Agent (I),11
470,"Grimble, Xavier PIT TE",5.6,0.35,0,0,0,0,0.9,3.5,B,0,0,0,0.3,-0.7,0,0,0,0,1.6,Free Agent,7
471,"Brown, Noah DAL WR",5.4,0.67, , , , , , , ,B, ,0,0,2.2,0.9,0,1.4,0.6,0.3,Free Agent,8
472,"Aiken, Kamar FA WR",5.3,1.06, ,3.9,0,1.4,0,0, , ,B, , , , , , , , ,Free Agent,9
473,"Hollister, Jacob NEP TE",5.2,0.65, ,3.5, , ,0,0, , , ,1.7,B,0,0,0, ,0, ,Free Agent (I),11
474,"Walker, Delanie TEN TE",5.2,5.2,5.2, , , , , , ,B, , , , , , , , , ,Free Agent (I),8
475,"Wilson, Bobo TBB WR",5.2,1.04, , , , ,B, , , , , , , ,0,0.8,0,2.8,1.6,Free Agent,5
476,"Thomas, Roc MIN RB",5.1,1.02, , , ,0.4,1.4,-0.4,2.3,1.4, ,B, , , , , , , ,Free Agent,10
477,"Smythe, Durham MIA TE",5,0.33,0,0,0,0,0,0,0,0,0, ,B,2.7,0,0,0,0.9,1.4,Free Agent,11
478,"Auclair, Antony TBB TE",4.8,0.3,0,0,0,0.8,B,0.5,1.5,0,0,0,0,0.8,0,1.2,0,0,0,Free Agent,5
479,"Boone, Mike MIN RB",4.8,0.6, , ,1.1,0.1,0.1,2,0.4,1.1,0,B, , , , , , ,0,Free Agent,10
480,"Gibson, Shelton PHI WR",4.8,0.32,0,0,0,0,4.8,0,0,0,B,0,0,0,0,0,0,0, ,Free Agent,9
481,"Saubert, Eric ATL TE",4.8,0.3,0,0,0,0,0.8,0,0.8,B,0,1.7,0,0,0,1.5,0,0,0,Free Agent,8
482,"Sterling, Neal NYJ TE",4.7,0.94,2.7,0, , , ,1.3,0,0.7, , ,B, , , , , , ,Free Agent (I),11
483,"Gathers, Rico DAL TE",4.5,0.3, ,0,0,0,3.2,1.4,0,B,0,0,0,0,0,-0.1,0,0,0,Free Agent,8
484,"Braunecker, Ben CHI TE",4.2,0.28,0,0,0,0,B,0,0,0, ,2,0.4,0,0,0,0,1.8,0,Free Agent,5
485,"Nix, Roosevelt PIT RB",4.2,0.26,0,1.9,0,0,0,0,B,0,0,1.7,0,0,0,0,0,0.4,0.2,Free Agent,7
486,"Bohanon, Tommy JAC RB",4.1,0.26,0,0,0.5,0,0,0,0.5,0,B,0.5,0,1.9,0,0,0,0.7,0,Free Agent,9
487,"Davis, Jawill NYG WR",4,0.57, , , ,0,2.7,0, , ,B, , , ,0,0,1.3,0, ,Free Agent (I),9
488,"Beebe, Chad MIN WR",3.9,1.3, , , , , , , , ,2.1,B,1.8, , , , ,0, ,Free Agent (Q),10
489,"Lewis, Marcedes GBP TE",3.9,0.24,0,0,0,0,0,0,B,0,0.5,3,0,0.4,0,0,0,0,0,Free Agent,7
490,"Logan, T.J. ARI RB",3.9,0.39, ,0, , , , , ,0,B,1.4,0,0.5,0.5,0,1.5,0,0,Free Agent,9
491,"Marshall, Byron WAS RB",3.9,0.65, , , ,B, , , , , , ,0.5,0, ,1.7,1.7,0,0,Free Agent,4
492,"Madden, Tre SEA RB",3.8,0.27,0.7,0,0.2,0,0,0,B,0.1,0,0,0,2.8, , ,0,0,0,Free Agent (Q),7
493,"Phillips, John ARI TE",3.8,0.47, , , , , , , , ,B,0,0,0,0,0,0,0.9,2.9,Free Agent,9
494,"Franks, Jordan CIN TE",3.7,0.62, , , , , , , ,3.2,B,0,0.5,0,0,0, , , ,Free Agent,9
495,"Perine, Samaje WAS RB",3.7,0.74, , , ,B, ,0,0.2, ,2.8,0, , , , , , ,0.7,Free Agent,4
496,"Tolliver, Jalen ARI WR",3.7,1.23, , , , , , , , ,B, , , , ,2.2,0,1.5, ,Free Agent,9
497,"Kroft, Tyler CIN TE",3.6,0.72,0.9,1.1,1.6,0,0, , , ,B, , , , , , , , ,Free Agent (I),9
498,"Morgan, David MIN TE",3.6,0.33,0.9,1.9, ,0.3,0.5,0,0,0,0,B, , , , ,0,0,0,Free Agent,10
499,"Williams, David JAC RB",3.6,0.6, , , , , , ,0.2,0,B, , , ,0, ,3.2,0,0.2,Free Agent,9
500,"Ervin, Tyler BAL RB",3.5,0.39,1.2,0,0,0,0,0,1.9,0.4,0,B, , , , , , , ,Free Agent,10
